botanical,common,word_count
Abies,Fir,2
Abies koreana,Korean fir,4
Acer,Maple,2
Acer argutum,Deep-veined maple,4
Acer buergerianum,Trident maple,4
Acer campestre,Field maple hedge maple,6
Acer capillipes,Red snake-bark maple,5
Acer cappadocicum,Cappadocian maple,4
Acer carpinifolium,Hornbeam maple,4
Acer circinatum,Vine maple,4
Acer cissifolium,Vine-leaved maple,4
Acer crataegifolium,Hawthorn maple,4
Acer crataegifolium,Hawthorn-leaved maple,4
Acer davidii,Père davids maple,5
Acer distylum,Lime-leaved maple,4
Acer glabrum,Rocky mountain maple,5
Acer glabrum,Dwarf maple,4
Acer griseum,Paperbark maple,4
Acer grosseri,Snake-bark maple,4
Acer heldreichii,Heldreichs maple,4
Acer hyrcanum,Balkan maple,4
Acer japonicum,Downy japanese maple,5
Acer japonicum,Fullmoon maple,4
Acer macrophyllum,Oregon maple,4
Acer macrophyllum,Broad-leaved maple,4
Acer mandshuricum,Manchurian maple,4
Acer maximowiczianum,Maximowicz maple,4
Acer miyabei,Miyabes maple,4
Acer monspessulanum,Montpellier maple,4
Acer monspessulanum,French maple,4
Acer negundo,Box elder,4
Acer negundo,Ash-leaved maple,4
Acer opalus,Opalus maple,4
Acer opalus,Italian maple,4
Acer palmatum,Smooth japanese maple,5
Acer palmatum,Fecherahorn,3
Acer palmatum,Japanese maple,4
Acer palmatum Atropurpureum,Purple japanese maple,6
Acer palmatum Corallinum,Coral bark maple,6
Acer pensylvanicum,Moose bark maple,5
Acer pensylvanicum,Moosewood,3
Acer pensylvanicum,Striped maple,4
Acer pictum,Painted mona maple,5
Acer platanoides,Norway maple,4
Acer pseudoplatanus,Sycamore,3
Acer pseudoplatanus Atropurpureum,Purple sycamore,5
Acer pseudoplatanus Worleyi,Golden sycomore,5
Acer pseudosieboldianum,Korean maple,4
Acer rubrum,Scarlet maple,4
Acer rubrum,Canadian maple,4
Acer rubrum,Red maple,4
Acer rufinerve,Grey-budded snake-bark maple,5
Acer rufinerve,Grey snake-bark maple,5
Acer saccharinum,Silver maple,4
Acer saccharum,Sugar maple,4
Acer sempervirens,Cretan maple,4
Halesia,Snowdrop tree,3
Halesia carolina,Carolina silverbell,4
Halesia monticola,Silver bell,4
Halesia monticola,Mountain snowdrop tree,5
Halimium,Halimium,2
Halimodendron halodendron,Siberian salt tree,5
Halimodendron halodendron,Salt tree,4
Hamamelis,Witch hazel,3
Hamamelis virginiana,Common witch hazel,5
Hamamelis virginiana,Virginian witch hazel,5
Hebe,Hebe,2
Hedera,Ivy,2
Hedera colchica,Caucasian ivy,4
Hedera colchica,Colchis ivy,4
Hedera colchica,Persian ivy,4
Hedera helix Arborescens,Tree ivy,5
Acer sieboldianum,Siebold maple,4
Acer spicatum,Mountain maple,4
Acer tataricum,Tartar maple,4
Acer tataricum,Tatarian maple,4
Acer triflorum,Rough-barked maple,4
Acer velutinum vanvolxemii,Van volxems maple,6
Aesculus,Horse chestnut,3
Aesculus,Buckeye,2
Aesculus carnea,Red horse chestnut,5
Aesculus chinensis,Chinese horse chestnut,5
Aesculus flava,Yellow buckeye,4
Aesculus flava,Sweet buckeye,4
Aesculus glabra,Ohio buckeye,4
Aesculus hippocastanum,Common horse chestnut,5
Aesculus hippocastanum Baumannii,Baumanns horse chestnut,6
Aesculus indica,Indian horse chestnus,5
Aesculus neglecta,Carolina horse chestnut,5
Aesculus parviflora,Bottle-brush buckeye,4
Aesculus pavia,Red buckeye,4
Aesculus turbinata,Japanese horse chestnut,5
Ailanthus,Ailanthus,2
Helenium,Sneezeweed,2
Helianthemum,Sunrose,2
Helianthus,Sunflower,2
Helichrysum,Curry plant,3
Heliopsis,False sunflower,3
Helleborus foetidus,Stinking hellebore,4
Hemerocallis,Daylily,2
Heuchera,Alumroot,2
Hibiscus syriacus,Rose of sharon,5
Hibiscus syriacus,Shrubby althea,4
Hibiscus syriacus,Mallow,3
Hippophae rhamnoides,Purging thorn,4
Hippophae rhamnoides,Sallow thorn,4
Hippophae rhamnoides,Sea buckthorn,4
Hovenia,Raisin tree,3
Hovenia dulcis,Japanese raisin tree,5
Hydrangea,Hydrangea,2
Hydrangea arborescens,Sevenbark hortensia,4
Hypericum,St johns wort,4
Baccharis,Baccharis,2
Baccharis Halimifolia,Bush groundsel,4
Ballota,Shrubby horehound,3
Ballota,Ballota,2
Berberis,Barberry,2
Berberis vulgaris,Pepperidge bush,4
Berberis vulgaris,Common barberry,4
Berberis vulgaris Atropurpurea,Purple-leaved barberry,5
Betula,Birch,2
Betula albosinensis,Chinese red-barked birch,5
Betula alleghaniensis,Yellow birch,4
Betula alleghaniensis,Canadian yellow birch,5
Ailanthus altissima,Tree of heaven,5
Ajuga,Common bugle,3
Alangium,Alangium,2
Albizia,Albizia,2
Albizia julibrissin,Persian acacia,4
Albizia julibrissin,Pink siris,4
Albizia julibrissin,Silk tree,4
Alnus,Alder,2
Alnus cordata,Italian alder,4
Alnus glutinosa,Black alder,4
Alnus glutinosa,Common alder,4
Alnus incana,European alder,4
Alnus incana,Grey alder,4
Alnus incana,Speckled alder,4
Alnus viridis,Green alder,4
Alnus viridis ssp Crispa,American green alder,7
Amelanchier spicata,Serviceberry juneberry,4
Amorpha canescens,Lead plant,4
Amorpha fruticosa,False indigo,4
Andromeda,Andormeda,2
Andromeda polifolia,Bog rosemary,4
Andromeda polifolia,Marsh rosemary,4
Galium,Bedstraw,2
Galium odoratum,Sweetscented bedstraw,4
Garrya,Silk-tassel tree,3
Gaultheria,Aromatic wintergreen,3
Genista aetnensis,Mount etna broom,5
Genista anglica,Needle woad-waxen,4
Genista anglica,Needle furze,4
Genista anglica,Petty whin,4
Genista germanica,Spiny furze,4
Genista germanica,German broom,4
Genista germanica,German woad-waxen,4
Genista pilosa,Silky broom,4
Genista pilosa,Hairy greenweed,4
Echinacea,Coneflower,2
Echinops,Globe thistle,3
Elaeagnus,Elaeagnus,2
Elaeagnus angustifolia,Russian olive,4
Elaeagnus angustifolia,Oleaster,3
Elaeagnus communata,Silver berry,4
Embothrium,Fire bush,3
Embothrium coccineum,Chilean firebush,4
Empetrum nigrum,Black crow berry,5
Empetrum nigrum,Crowberry,3
Eranthis,Winter aconite,3
Erica,Heath,2
Erica arborea,Tree heath,4
Erica ciliaris,Fringed heath,4
Erica ciliaris,Dorset heath,4
Hypericum androsaemum,Tutsan,3
Hypericum androsaemum,Sweet amber,4
Hypericum calycinum,Large-flowered st johns wort,6
Betula chinensis,Chinese birch,4
Betula davurica,Mongolian birch,4
Betula ermanii,Ermans birch,4
Betula humilis,Shrubby birch,4
Betula lenta,Sweet birch,4
Betula lenta,Black birch,4
Betula lenta,Cherry birch,4
Betula maximowicziana,Monarch birch,4
Betula medwediewii,Transcaucasian birch,4
Betula nana,Dwarf birch,4
Betula nigra,River birch,4
Betula occidentalis,Water birch,4
Betula papyrifera,Paper birch,4
Betula papyrifera,Canoe birch,4
Betula pendula,Common silver birch,5
Betula pendula,Silver birch,4
Betula pendula,European white birch,5
Betula pendula,Weeping birch,4
Betula pendula Purpurea,Purple-leaved birch,5
Betula pendula Youngii,Youngs weeping birch,6
Betula platyphylla var japonica,Japanese white birch,7
Anthyllis,Kidney-vetch,2
Aralia,Aralia,2
Aralia chinensis,Chinese angelica tree,5
Aralia chinensis,Chinese aralia,4
Aralia elata,Japanese angelica tree,5
Aralia spinosa,Angelica tree,4
Aralia spinosa,Devils walkingstick,4
Aralia spinosa,Hercules club,4
Arbutus,Madrone,2
Arbutus unedo,Killarney strawberry tree,5
Arbutus unedo,Strawberry tree,4
Arctostaphylos,Manzanita,2
Arctostaphylos,Bearberry,2
Arctostaphylos uva-ursi,Common bearberry,4
Arctostaphylos uva-ursi,Red bearberry,4
Aronia,Chokeberry,2
Aronia arbutifolia,Red chokeberry,4
Artemisia,Wormwood,2
Artemisia,Sage-brush,2
Genista pilosa,Hairy genista,4
Genista tinctoria,Dyers greenweed,4
Genista tinctoria,Green broom,4
Genista tinctoria,Common woad-waxen,4
Gentiana,Gentian,2
Geranium,Cranesbill,2
Geum,Avens,2
Gleditsia triacanthos,Honey locust,4
Gleditsia triacanthos Sunburst,Thornless honey locust,6
Gymnocladus,Coffee tree,3
Gymnocladus dioicus,Kentucky coffee tree,5
Erica ciliaris,Ciliated heath,4
Erica cinerea,Scotch heath,4
Erica cinerea,Bell heather,4
Erica cinerea,Twisted heath,4
Erica tetralix,Bog heather,4
Erica tetralix,Cross-leaved heath,4
Erica vagans,Cornish heath,4
Erigeron,Fleabane,2
Eriobotrya,Loquat,2
Eriobotrya japonica,Japanese medlar,4
Erodium,Herons bill,3
Eryngium,Eryngo,2
Erythrina,Coral tree,3
Erythrina crista-galli,Coral bush,4
Eucalyptus,Eucalyptus,2
Eucalyptus,Gum tree,3
Eucalyptus gunnii,Cider gum,4
Eucalyptus niphophila,Snow gum,4
Eucomis,Pinapple lily,3
Eucommia,Eucommia,2
Eucommia ulmoides,Hardy rubber tree,5
Betula platyphylla var szechuanica,Szechuan white birch,7
Betula populifolia,Grey birch,4
Betula pubescens,Pubescent birch,4
Betula pubescens,Downy birch,4
Betula pubescens,Common white  birch,6
Betula utilis,Himalayan birch,4
Broussonetia papyrifera,Paper mulberry,4
Buddleja,Butterfly bush,3
Buddleja globosa,Orange ball tree,5
Buxus,Box tree,3
Buxus balearica,Balearic box,4
Buxus balearica,Spanish box,4
Buxus sempervirens,Common box,4
Buxus sempervirens cv Suffruticosa,Edging box,6
Artemisia abrotanum,Ladss love,4
Artemisia abrotanum,Old-man wormwood,4
Artemisia abrotanum,Southernwood,3
Asimina,Papaw,2
Asimina triloba,Common pawpaw,4
Asimina triloba,Pawpaw,3
Atriplex,Saltbush orache,3
Atriplex halimus,Tree purslane,4
Aucuba,Aucuba,2
Aucuba japonica,Japanese golddust tree,5
Aucuba japonica,Japanese aucuba,4
Azara,Azara,2
Azara microphylla,Box-leaf azara,4
Fagus,Beech,2
Fagus engleriana,Chinese beech,4
Fagus grandifolia,American beech,4
Fagus japonica,Japanese beech,4
Fagus sylvatica,Common beech european beech,6
Fagus sylvatica Atropunicea,Copper beech,5
Festuca,Fescue,2
Ficus carica,Fig tree,4
Ficus carica,Common fig,4
Foeniculum,Fennel,2
Fontanesia,Fontanesia,2
Forsythia europaea,Alabanian forsythia,4
Forsythia europaea,European golden ball,5
Forsythia intermedia,Forsythia,3
Fragaria ananassa,Erdbeere,3
Fragaria ananassa,Strawberry,3
Eucommia ulmoides,Gutta-percha tree,4
Eucryphia,Eucryphia,2
Eucryphia glutinosa,Chile eucryphia,4
Eucryphia nymansensis,Nymans eurcryphia,4
Euonymus,Spindle tree,3
Euonymus japonicus,Japanese euonymus,4
Euonymus latifolius,Broad-leaved spindle tree,5
Euonymus verrucosus,Warted spindle tree,5
Eupatorium,Snakeroot,2
Euphorbia,Spurge,2
Exochorda,Exochorda,2
Daboecia,Irish heath,3
Daboecia cantabrica,St daboecs heath,5
Daboecia cantabrica,Connemera heath,4
Daphne,Daphne,2
Daphne cneorum,Garland flower,4
Daphne laureola,Spurge laurel,4
Daphne mezereum,Wild pepper,4
Daphne mezereum,February daphne,4
Daphne mezereum,Mezereon,3
Daphne odora,Winter daphne,4
Daphne oleoides,Olive tree-leaved spurge,5
Davidia,Davidia,2
Davidia involucrata,Ghost tree,4
Davidia involucrata,Pocket-handkerchief tree,4
Davidia involucrata,Dove tree,4
Fraxinus,Ash,2
Fraxinus americana,White ash,4
Fraxinus angustifolia,Narrow-leaved ash,4
Fraxinus angustifolia,Southern ash,4
Fraxinus Angustifolia Raywood,Purple ash,5
Fraxinus chinensis,Chinese ash,4
Fraxinus excelsior,Common ash,4
Fraxinus excelsior,European ash,4
Fraxinus excelsior Diversifolia,One-leaved ash,5
Fraxinus excelsior Jaspidea,Gold ash,5
Fraxinus excelsior Pendula,Weeping ash,5
Fraxinus latifolia,Oregon ash,4
Fraxinus ornus,Manna ash,4
Fraxinus ornus,Flowering ash,4
Fraxinus pennsylvanica,Red ash,4
Fraxinus sieboldiana,Chinese flowering ash,5
Fraxinus xanthoxyloides,Afghan ash,4
Fritillaria,Fritillary,2
Fuchsia,Fuchsia,2
Desmodium,Tick clover,3
Desmodium elegans,Tick-trefoil,3
Deutzia,Deutzia,2
Dictamnus,Burning bush,3
Diervilla,Bush honey-suckle,3
Diospyros kaki,Chinese persimmon,4
Diospyros kaki,Kaki plum,4
Diospyros lotus,Date plum,4
Diospyros virginiana,American persimmon,4
Diospyros virginiana,Persimmon,3
Dipteronia,Dipteronia,2
Drimys,Drimys,2
Drimys winteri,Winter bark,4
Fuchsia magellanica,Magellan fuchsia,4
Caesalpinia,Brasiletto,2
Caesalpinia gilliesii,Bird of paradise,5
Callicarpa,Beauty berry,3
Callistemon,Callistemon,2
Callistemon citrinus,Bottle brush,4
Calluna,Heather,2
Calluna vulgaris,Common heather,4
Calluna vulgaris,Ling,3
Calluna vulgaris,Scotch heather,4
Calycanthus,Sweet shrub,3
Calycanthus fertilis,Allspice,3
Calycanthus fertilis,Pale sweet shrub,5
Calycanthus occidentalis,Californian allspice,4
Camellia,Camellia,2
Camellia japonica,Common camellia,4
Camellia sinensis,Tea plant,4
Camellia sinensis,Common tea,4
Camellia sinensis,Chinese tea,4
Caragana,Pea shrub,3
Caragna arborescens,Pea tree,4
Carpinus,Hornbeam,2
Carpinus betulus,Common hornbeam,4
Carpinus betulus,European hornbeam,4
Carpinus betulus,White beech,4
Carpinus betulus Pendula,Weeping hornbeam,5
Carpinus caroliniana,Blue beech,4
Carpinus japonica,Japanese hornbeam,4
Carpinus orientalis,Eastern hornbeam,4
Carpinus orientalis,Oriental hornbeam,4
Carya,Hickory,2
Carya cordiformis,Bitter nut hickory,5
Carya cordiformis,Bitter nut,4
Carya cordiformis,Swamp hickory,4
Carya illinoinensis,Pecan nut,4
Carya laciniosa,Shellbark hickory,4
Carya laciniosa,King-nut,3
Carya ovata,Shagbark hickory,4
Carya ovata,Little shellbark hickory,5
Caryopteris,Bluebeard,2
Caryopteris incana,Bluebeart,3
Cassia,Senna,2
Cassinia,Cassinia,2
Cassinia fulvida,Golden heather,4
Cassinia vauvilliersii Albida,Silver heather,5
Castanea,Chestnut,2
Castanea mollissima,Chinese chestnut,4
Castanea sativa,Spanish chestnut,4
Castanea sativa,Sweet chestnut tree,5
Catalpa,Catalpa,2
Catalpa bignonioides,Common catalpa,4
Catalpa bignonioides,Indian bean tree,5
Catalpa bignonioides,Southern catalpa,4
Catalpa erubescens Purpurea,Hybrid catalpa,5
Catalpa fargesii,Farges catalpa,4
Catalpa ovata,Yellow catalpa,4
Catalpa ovata,Yellow bean tree,5
Catalpa speciosa,Hardy catalpa,4
Catalpa speciosa,Western catalpa,4
Catalpa speciosa,Northern catalpa,4
Ceanothus,Ceanothus,2
Ceanothus arboreus,Californian lilac,4
Celtis,Sugarberry,2
Celtis,Nettle tree sugarberry,4
Celtis australis,Nettle tree,4
Celtis australis,Southern nettle tree,5
Celtis occidentalis,Hackberry,3
Celtis occidentalis,North american hackberry,5
Celtis sinensis,Chinese hackberry,4
Cephalanthus occidentalis,Buttonbush,3
Ceratonia,St johns bread,4
Ceratonia,Carob tree,3
Ceratonia siliqua,Carob,3
Ceratonia siliqua,Locust tree,4
Cercidiphyllum,Katsura tree,3
Cercidiphyllum japonicum,Japanese katsura tree,5
Cercis,Redbud,2
Cercis canadensis,Eastern redbud,4
Cercis chinensis,Chinese redbud,4
Cercis siliquastrum,Judas tree,4
Cestrum,Jessamine,2
Chamaerops,Fan palm,3
Chamaerops humilis,Dwarf fan palm,5
Chamaerops humilis,European fan palm,5
Chimonanthus praecox,Winter sweet,4
Chionanthus virginicus,Fringe tree,4
Choisya,Orange blossom,3
Choisya ternata,Mexican orange blossom,5
Cinnamomum,Cinnamon,2
Cinnamomum camphora,Camphor tree,4
Cistus,Rockrose,2
Cistus,Rock rose,3
Cistus ladanifer,Gum cistus,4
Cistus laurifolius,Laurel-leaved rock rose,5
Cistus parviflorus,Small-flowered rock rose,5
Cistus populifolius,Poplar-leaved rock rose,5
Cistus salvifolius,Sage-leaved rock rose,5
Cladastris kentukea,Yellowwood,3
Clerodendrum,Glory tree,3
Clerodendrum,Glory bower,3
Clethra,White alder,3
Clethra alnifolia,Sweet pepper bush,5
Clethra arborea,Lily of the vlley tree,7
Clianthus,Parrotbeak,2
Clianthus Puniceus,Glory pea,4
Clianthus puniceus,Parrots bill,4
Clianthus puniceus,Lobsters claw,4
Comptonia peregrina,Sweet fern,4
Cordyline,Dracena,2
Cordyline Australis,Cabbage tree,4
Coriaria,Coriaria,2
Coriaria myrtifolia,French sumac,4
Coriaria myrtifolia,Tartarian cornel,4
Coriaria myrtifolia,Myrtle coriaria,4
Cornus,Dogwood,2
Cornus alba,Tartar privet,4
Cornus Alba,Red-barked dogwood,4
Cornus alternifolia,Gree osier,4
Cornus alternifolia,Pagoda dogwood,4
Cornus alternifolia,Alternate-leaf dogwood,4
Cornus capitata,Benthams cornel,4
Cornus controversa,Giant dogwood,4
Cornus florida,Flowering dogwood,4
Cornus kousa,Kousa dogwood,4
Cornus Mas,Cornelian cherry,4
Cornus nuttallii,Pacific dogwood,4
Cornus nuttallii,Nuttalls dogwood,4
Cornus sanguinea,Common dogwood,4
Cornus Sanguinea,Blood-twig cornel,4
Coronilla,Crown vetch,3
Coronilla emerus,Scorpion senna,4
Correa,Correa,2
Corylopsis spicata,Spike winter hazel,5
Corylus americana,American hazel,4
Corylus avellana,Hazel,3
Corylus Avellana,Cobnut,3
Corylus avellana,Filbert,3
Corylus Avellana,European hazel,4
Corylus Avellana Contorta,Corkscrew hazel,5
Corylus avellana Contorta,Harry lauders walking stick,7
Corylus chinensis,Chinese hazel,4
Corylus colurna,Turkish hazel,4
Corylus colurna,Turkish filbert,4
Corylus maxima,Great cob,4
Corylus maxima,Giant filbert,4
Corylus maxima,Turki,3
Corylus Maxima,Lambert nut,4
Cotinus coggygria,Wig tree,4
Cotinus coggygria,Arons beard,4
Cotinus coggygria,Venetian sumach,4
Cotinus coggygria,Smoke tree,4
Crinodendron,Crinodendron,2
Cydonia,Quince,2
Cydonia oblonga,Common quince,4
Cytisus,Broom,2
Cytisus multiflorus,White spanish broom,5
Cytisus nigricans,Yellow-flowered broom,4
Cytisus nigricans,Spike broom,4
Cytisus praecox,Warminster broom,4
Cytisus purgans,Purge broom,4
Cytisus purgans,Provence broom,4
Cytisus scoparius,Common broom,4
Cytisus scoparius,Hogweed,3
Cytisus scoparius,Scotch broom,4
Idesia,Idesia,2
Ilex,Holly,2
Ilex altaclerensis,Highclere holly,4
Ilex aquifolium,Holly tree,4
Ilex aquifolium,Common holly,4
Ilex aquifolium,English holly,4
Ilex aquifolium Ferox,Hedgehog holly,5
Ilex cassine,Dahoon,3
Ilex opaca,American holly,4
Ilex perado,Canary holly,4
Ilex perado,Madeira holly,4
Ilex perado,Azores holly,4
Ilex pernyi,Pernys holly,4
Illicium,Anise tree,3
Illicium anisatum,Japanese anis tree,5
Illicium anisatum,Star anise,4
Indigofera,Indigo plant,3
Itea,Sweet spire,3
Itea virginica,Virginia sweet spires,5
Itea virginica,Virginia willow,4
Jasminum,Jasmine,2
Jasminum fruticans,Shrubby trefoil,4
Jasminum fruticans,Yellow jasmine,4
Jasminum fruticans,Wild jasmine,4
Jojoba,Simmondsia,2
Juglans,Walnut,2
Juglans ailanthifolia,Japanese walnut,4
Juglans cinerea,White walnut,4
Juglans cinerea,Butternut,3
Juglans mandshurica,Manchurian walnut,4
Juglans microcarpa,Texan walnut,4
Juglans nigra,Black walnut,4
Juglans regia,English walnut,4
Juglans regia,Common walnut,4
Juglans regia,Persian walnut,4
Kalmia,Kalmia,2
Kalmia angustifolia,Lambkill kalmia,4
Kalmia latifolia,Sheep laurel,4
Kalmia latifolia,Calico bush,4
Kalmia latifolia,Mountain laurel,4
Kalopanax,Kalopanax,2
Kerria,Kerria,2
Kerria japonica,Japanese kerria,4
Koelreuteria,Gold rain tree,4
Koelreuteria paniculata,Goldenrain tree,4
Koelreuteria paniculata,Chinese varnish tree,5
Koelreuteria paniculata,Pride of india,5
Kolkwitzia,Kolkwitzia,2
Kolkwitzia Amabilis,Beauty bush,4
Nandina,Nandina,2
Nandina domestica,Sacred bamboo,4
Nerium,Oleander,2
Nerium oleander,Rose bay,4
Nerium oleander,Commun oleander,4
Neviusia,Snow wreath,3
Neviusia alabamensis,Alabama snow wreath,5
Nothofagus,False beech,3
Nothofagus antarctica,Antarctic beech,4
Nothofagus antartica,Nirre,3
Nothofagus cunnighamii,Myrtle tree,4
Nothofagus cunnighamii,Tasmanian myrtle,4
Nothofagus dombeyi,Dombeys southern beech,5
Nothofagus dombeyi,Colgüe,3
Nothofagus obliqua,Roble pellin,4
Nothofagus obliqua,Roble,3
Nothofagus procera,Rauli,3
Nothofagus procera,Raoul beech,4
Nothofagus solandri,Black beech,4
Nyssa,Tupelo,2
Nyssa aquatica,Swamp tupelo,4
Nyssa aquatica,Cotton gum,4
Nyssa aquatica,Water tupelo,4
Nyssa sylvatica,Black gum,4
Nyssa sylvatica,Pepperidge,3
Laburnocytisus,Laburnocytisus,2
Laburnocytisus adamii,Adams laburnum,4
Laburnum,Golden chain,3
Laburnum,Laburnum,2
Laburnum alpinum,Alpine laburnum,4
Laburnum alpinum,Scotch laburnum,4
Laburnum anagyroides,Common laburnum,4
Laburnum anagyroides,Golden chain laburnum,5
Laburnum anagyroides,Golden rain,4
Laburnum watereri Vossii,Vosss laburnum,5
Lagerstroemia,Crape myrtle,3
Lagerstroemia indica,Myrtle,3
Lagerstroemia indica,Queens grape myrtle,5
Laurus,Laurel,2
Laurus nobilis,True bay,4
Laurus nobilis,Bay laurel,4
Laurus nobilis,Grecian laurel,4
Lavandula,Lavender,2
Lavandula angustifolia,Old english lavender,5
Lavandula angustifolia,True lavender,4
Lavandula angustifolia,Spike lavender,4
Lavandula angustifolia,Common lavender,4
Lavandula stoechas,French lavender,4
Ledum,Ledum,2
Ledum groenlandicum,Labrador tea,4
Ledum palustre,Marsh ledum,4
Ledum palustre,Wild rosemary,4
Ledum palustre,Cristal tea ledum,5
Leonotis,Lions-ear,2
Leonotis leonurus,Lions ear,4
Licium chinense,Chinese wolfberry,4
Licium chinense,Dukke of argylls tea tree,7
Ligustrum,Privet,2
Ligustrum japonicum,Japanese privet,4
Ligustrum lucidum,Tree privet,4
Ligustrum lucidum,Glossy privet,4
Ligustrum ovalifolium,Californian privet,4
Ligustrum ovalifolium,Oval-leaf privet,4
Maackia,Macckia,2
Maackia amurensis,Amur maackia,4
Maclura,Osage orange,3
Maclura pomifera,Bowwood,3
Maclura pomifera,Hedge apple,4
Magnolia,Magnolia,2
Magnolia acuminata,Cucumber tree,4
Magnolia delavayi,Delavays magnolia,4
Magnolia denudata,Yulan lily tree,5
Magnolia grandiflora,Southern magnolia,4
Magnolia grandiflora,Evergreen magnolia,4
Magnolia grandiflora,Bull bay,4
Ligustrum sinense,Chinese privet,4
Ligustrum vulgare,European privet,4
Ligustrum vulgare,Common privet,4
Lindera,Spice bush,3
Lindera benzoin,Benjamin tree,4
Lindera benzoin,Fever bush,4
Liquidambar,Sweet gum,3
Liquidambar formosana,Formosan sweet gum,5
Liquidambar formosana,Amber tree,4
Liquidambar formosana,Bastard chestnut,4
Liquidambar orientalis,Oriental sweet gum,5
Liquidambar orientalis,Oriental liquidambar,4
Liquidambar styraciflua,Bilsted,3
Liquidambar styraciflua,American red gum,5
Liquidambar styraciflua,American sweet gum,5
Liriodendron,Tulip tree,3
Liriodendron chinense,Chinese tulp tree,5
Liriodendron tulipifera,White wood,4
Liriodendron tulipifera,Yellow poplar,4
Lithocarpus densiflorus,Chestnus oak,4
Lithocarpus densiflorus,Tanbark oak,4
Magnolia hypoleuca,Silverleaf magnolia,4
Magnolia hypoleuca,Japanese big-leaved magnolia,5
Magnolia hypoleuca,White-leaved japanese magnolia,5
Magnolia kobus,Northern japanese magnolia,5
Magnolia kobus,Kobus magnolia,4
Magnolia liliiflora,Lily magnolia,4
Magnolia macrophylla,Large-leaved magnolia,4
Magnolia macrophylla,Large-leaved cucumber tree,5
Magnolia salifolia,Willow-leaved magnolia,4
Magnolia salifolia,Anise magnolia,4
Magnolia sieboldii,Oyama magnolia,4
Magnolia soulangeana,Sauces magnolia,4
Magnolia stellata,Star magnolia,4
Magnolia tripetala,Umbrella tree,4
Magnolia veitchii,Veitchs hybrid magnolia,5
Magnolia virginiana,Swamp bay,4
Magnolia virginiana,Sweet bay,4
Lithocarpus densiflorus,Tan oak,4
Lonicera,Honeysuckle,2
Lonicera alpigena,Alpine honeysuckle,4
Lonicera alpigena,Cherry woodbine,4
Lonicera caerulea,Sweet-berry honeysuckle,4
Lonicera caerulea,Haskap,3
Lonicera caerulea,Blue honeysuckle,4
Lonicera tatarica,Tatarian honeysuckle,4
Lonicera xylosteum,Fly honeysuckle,4
Lonicera xylosteum,Flag honeysuckle,4
Lycium,Box thorn,3
Lycium,Wolfberry,2
Lycium barbarum,Barbary wolfberry,4
Mahonia,Mahonia,2
Mahonia aquifolium,Oregon grape,4
Mahonia fortunei,Chinese mahonia,4
Mahonia japonica,Japanese mahonia,4
Malus,Apple,2
Malus baccata,Siberian crab,4
Malus floribunda,Japanese crab,4
Malus floribunda,Japanese flowering crab apple,6
Medicago,Medic,2
Medicago arborea,Tree medic,4
Medicago arborea,Tree alfalfa,4
Medicago arborea,Mountain trefoil,4
Medicago arborea,Moon trefoil,4
Melaleuca,Melaleuca,2
Melia azedarach,Chinaberry,3
Melia azedarach,Bead tree,4
Mespilus germanica,Common wild medlar,5
Mespilus germanica,Medlar,3
Metrosideros excelsa,New zealand christmas tree,6
Molinia,Purple moor grass,4
Morus,Mulberry,2
Morus alba,White mulberry,4
Morus alba Pendula,Weeping mulberry,5
Morus nigra,Black mulberry common mulberry,6
Morus rubra,Red mulberry,4
Myrica,Wax myrtle,3
Myrica,Bayberry,2
Myricaria,False tamarisk,3
Myricaria germanica,German tamarisk,4
Myrtus communis,True myrtle,4
Myrtus communis,Common myrtle,4
Olea,Olive tree,3
Olea europaea,Common olive,4
Olea europaea africana,African olive tree,6
Olearia,Daisybush,2
Oplopanax horridus,Devils club,4
Osmanthus,Osmanthus,2
Osmanthus americanus,American olive,4
Osmanthus americanus,Devil wood,4
Osteomeles,Bony berry,3
Ostrya,Hop hornbeam,3
Ostrya carpinifolia,European hop hornbeam,5
Ostrya virginiana,Ironwood,3
Ostrya virginiana,Eastern hop hornbeam,5
Ostrya virginiana,American hornbeam,4
Oxydendrum,Sourwood,2
Oxydendrum arboreum,Sorrel tree,4
Oxydendrum arboreum,Sour tree,4
Paeonia,Peony,2
Paeonia suffruticosa,Mountain peony,4
Paeonia suffruticosa,Tree peony,4
Paliurus,Paliurus,2
Paliurus spina-christi,Christs thorn,4
Paliurus spina-christi,Jerusalem thorn,4
Parrotia,Parrotia,2
Parrotia persica,Persian parrotia,4
Parrotia persica,Persian ironwood,4
Parrotia persica,Iron tree,4
Phellodendron,Cork tree,3
Phellodendron amurense,Amur cork tree,5
Philadelphus coronarius,White syringa,4
Philadelphus coronarius,Wild jasmin,4
Philadelphus coronarius,Mock orange,4
Phillyrea,Mock privet,3
Phillyrea angustifoli,Narrow-leaved vetch,4
Phillyrea latifolia,Jasmin box,4
Phillyrea latifolia,Phillyrea,3
Phlomis fruticosa,Jerusalem sage,4
Phyllodoce,Mountain heath,3
Phyllodoce caerulea,Blue mountain heath,5
Physocarpus opulifolius,Nine bark,4
Picea abies,Norway spruce,4
Pieris,Pieris,2
Pinus,Pine,2
Pinus aristata,Bristlecone pine,4
Pinus balfouriana,Foxtail pine,4
Pinus cembra,Arve,3
Pinus cembroides,Pinyon pine,4
Pinus monophylla,Single-leaf pinyon,4
Pinus parviflora,Japanese white pine,5
Pinus pinaster,Maritime pine,4
Pinus strobus,White pine,4
Pinus sylvestris,Scotch pine,4
Pistacia,Pistache,2
Pistasia chinensis,Chinese pistachio,4
Pittosporum,Pittosporum,2
Pittosporum tenuifolium,Nwe zealand pittosporum,5
Platanus,Plane,2
Platanus hispanica,London plane,4
Platanus hispanica,Plane tree,4
Platanus orientalis,Chennar tree,4
Platanus orientalis,Oriental plane,4
Polygala chamaebuxus,Milkwort,3
Polygala chamaebuxus,Bastard box,4
Poncirus,Poncirus,2
Poncirus trifoliata,Japanese bitter orange,5
Poncirus trifoliata,Trifoliate orange,4
Populus,Poplar,2
Populus alba Nivea,Silver poplar,5
Populus balsamifera,Balsam poplar,4
Populus balsamifera,Southern poplar,4
Populus balsamifera,Tacamahac,3
Populus lasiocarpa,Chinese poplar,4
Populus nigra,Old english poplar,5
Populus nigra,Black poplar,4
Populus tremula,European aspen,4
Populus tremula,Trembling aspen,4
Populus tremula,Aspen,3
Potentilla,Cinquefoil,2
Potentilla fruticosa,Shrubby cinquefoil,4
Potentilla fruticosa,Bush cinquefoi,4
Potentilla fruticosa,Golden hardhack,4
Prinsepia,Prinsepia,2
Prinsepia sinensis,Chinese prinsepia,4
Prunus,Plum,2
Prunus avium Plena,Double gean,5
Prunus cerasifera,Myrobolan plum,4
Prunus cerasifera,Cherry plum,4
Prunus cerasus,Wild cherry,4
Prunus cerasus,Sour cherry,4
Prunus cistena,Purple-leaved sand cherry,5
Prunus dulcis,Common almond,4
Prunus dulcis,Almond tree,4
Prunus fruticosa,Groundcherry,3
Prunus fruticosa,Dwarf cherry,4
Prunus fruticosa,All-saints cherry,4
Prunus glandulosa,Chinese bush cherry,5
Prunus glandulosa,Almond cherry,4
Prunus ilicifolia,Holly-leaved cherry,4
Prunus laurocerasus Causica,Caucasina laurel,5
Prunus lusitanica,Portuguese laurel,4
Prunus maackii,Manchurian cherry,4
Prunus mume,Japanes apricot,4
Prunus padus,Bird cherry,4
Prunus padus,European bird cherry,5
Prunus padus,Hagberry,3
Prunus persica,Peach,3
Prunus pumila,Dwarf american cherry,5
Prunus pumila,Sand cherry,4
Prunus sargentii,Sargents cjherry,4
Prunus serrula,Tibetan cherry,4
Prunus serrulata,Oriental cherry,4
Prunus serrulata,Japanese cherry,4
Prunus spinosa,Sloe bush,4
Prunus spinosa,Sloe,3
Prunus spinosa,Blackthorn,3
Prunus spinosa,Damson,3
Prunus subhirtella Autumnalis,Autumn cherry,5
Prunus tenella,Dwarf russian almond,5
Prunus triloba,Flowering plum,4
Prunus virginiana,Common choke cherry,5
Prunus virginiana,Choke cherry,4
Prunus yedoensis,Yoshino cherry,4
Ptelea trifoliata,Hop tree,4
Ptelea trifoliata,Stinking ash,4
Ptelea trifoliata,Common hop tree,5
Ptelea trifoliata,Shrubby treefoil,4
Pterocarya,Wing nut,3
Pterocarya fraxinifolia,Caucasina wing nut,5
Pterocarya rhoifolia,Japanese wing nut,5
Pterocarya stenoptera,Chinese wing nut,5
Punica,Punica,2
Punica granatum,Pomegrenate,3
Pyracantha,Fire thorn,3
Pyrus,Pear,2
Quercus,Oak,2
Quercus acuta,Japanese evergreen oak,5
Quercus acutissima,Japanese chestnut-leaved oak,5
Quercus alba,Whiteoak,3
Quercus aliena,Japanese big-leaved oak,5
Quercus bicolor,Swamp white oak,5
Quercus castaneifolia,Chestnut-leaved oak,4
Quercus cerris,European turkey oak,5
Quercus cerris,Turkey oak,4
Quercus coccifera,Kermes oak,4
Quercus coccinea,Scarlet oak,4
Quercus dentata,Daimyo oak,4
Quercus dentata,Daimio oak,4
Quercus douglasii,Blue oak,4
Quercus frainetto,Italian oak,4
Quercus frainetto,Hungairian oak,4
Quercus hispanica,Spanish oak,4
Quercus hispanica Lucombeana,Lucombe oak,5
Quercus ilex,Holly oak,4
Quercus ilex,Evergreen oak,4
Quercus ilex,Holm oak,4
Quercus ilicifolia,Bear oak,4
Quercus imbricaria,Shingle oak,4
Quercus kelloggii,Californian black oak,5
Quercus libani,Lebanon oak,4
Quercus ludoviciana,Ludwigs oak,4
Quercus lyrata,American white oak,5
Quercus lyrata,Overcup oak,4
Quercus macranthera,Caucasian oak,4
Quercus macranthera,Rumanian oak,4
Quercus macranthera,Persian oak,4
Quercus macrocarpa,Burr oak,4
Quercus macrocarpa,Mossy-cup oak,4
Quercus marilandica,Black jack oak,5
Quercus mongolica,Mongolian oak,4
Quercus muehlenbergii,Yellow chestnut oak,5
Quercus nigra,Water oak,4
Quercus nigra,Duck oak,4
Quercus palustris,Swamp oak,4
Quercus palustris,Pin oak,4
Quercus petraea,Chestnut oak,4
Quercus petraea,Durmast oak,4
Quercus petraea,Sessile oak,4
Quercus phellos,Willow oak,4
Quercus pontica,Armenian oak,4
Quercus pontica,Pontic oak,4
Quercus pubescens,White oak,4
Quercus pubescens,Downy oak,4
Quercus pubescens,Pubescent oak,4
Quercus pyrenaica,Pyrenean oak,4
Quercus robur,Common oak,4
Quercus robur,Pendunculate oak,4
Quercus robur,English oak,4
Quercus robur Fastigiata,Cypress oak,5
Quercus rubra,Red oak,4
Quercus rubra,Northern red oak,5
Quercus shumardii,Shumard red oak,5
Quercus stellata,Post oak,4
Quercus suber,Cork oak,4
Quercus trojana,Macedonian oak,4
Quercus turneri,Turners oak,4
Quercus velutina,Quercitron oak,4
Quercus velutina,Dyers oak,4
Quercus velutina,Yellow bark oak,5
Quercus velutina,Black oak,4
Tamarix,Tamarisk,2
Tamarix tetrandra,Five stamen tamarisk,5
Tetracentron,Tetracentron,2
Tetracentron sinense,Spur leaf,4
Thymus,Thyme,2
Tilia,Linden,2
Tilia,Lime tree,3
Tilia americana,American lime,4
Tilia americana,Basswood,3
Tilia americana,American linden,4
Tilia amurensis,Amur linden,4
Tilia cordata,Common linden,4
Tilia cordata,Small-leaved lime,4
Tilia cordata,Little-leaf linden,4
Tilia mandshurica,Manchurian linden,4
Tilia mandshurica,Manchurian lime,4
Tilia mongolica,Mongolian lime,4
Tilia mongolica,Mongolian linden,4
Tilia oliveri,Olivers linden,4
Tilia oliveri,Olivers lime,4
Tilia platyphyllos,Broad-leaved lime,4
Tilia platyphyllos,Big leaf linden,5
Tilia platyphyllos,Large-leaved lime,4
Tilia tomentosa,European white lime,5
Tilia tomentosa,Silver linden,4
Tilia tomentosa,Silver lime,4
Tilia tomentosa,Hungarian silver lime,5
Toona,Toon,2
Toona sinensis,Chinese cedar,4
Toona sinensis,Chinese toon,4
Trachycarpus,Windmill palm,3
Trachycarpus fortunei,Chusan palm,4
Trachycarpus fortunei,Chinese windmill palm,5
Rhamnus,Buckthorn,2
Rhamnus alaternus,Alaternus,3
Rhamnus alaternus,Mediterranean buckthorn,4
Rhamnus alaternus,Barren privet,4
Rhamnus alaternus,Evergreen buckthorn,4
Rhamnus alaternus,Italian buckthorn,4
Rhamnus frangula,Alder buckthorn,4
Rhamnus frangula,Glossy buckthorn,4
Rhamnus utilis,Chinese buckthorn,4
Rhodotypos,Jetbead,2
Rhodotypos scandens,Black jetbead,4
Rhus,Sumach,2
Rhus glabra,Smooth sumac,4
Rhus potaninii,Chinese sumach,4
Rhus typhina,Stags horn sumach,5
Rhus typhina,Staghorn,3
Ribes,Currant,2
Ribes alpinum,Mountain currant,4
Ribes alpinum,Alpine currant,4
Ribes odoratum,Clove currant,4
Ribes odoratum,Buffalo currant,4
Ribes sanguineum,Flowering currant,4
Ribes sanguineum,Winter currant,4
Ribes sanguineum,Blood currant,4
Ribes uva-crispa,Gooseberry,3
Robinia,Locust,2
Robinia hispida,Rose acacia,4
Robinia pseudo-acacia,Black locust,4
Robinia pseudo-acacia,False acacia,4
Robinia pseudo-acacia Umbraculifera,Mop head acacia,6
Robinia pseudo-acacia Umbraculifera,Parasol acacia,5
Robinia viscosa,Clammy locust,4
Rosa,Rose,2
Rosmarinus,Rosemary,2
Rosmarinus officinalis,Moorwort,3
Rubus,Raspberry,2
Rubus caesius,European dewberry,4
Rubus caesius,Dewberry,3
Rubus fruticosus,Bramble,3
Rubus fruticosus,Blackberry,3
Rubus odoratus,Purple-flowering raspberry,4
Rubus odoratus,Fragrant thimbleberry,4
Salix,Osier,2
Salix,Willow,2
Salix acutifolia,Sharp-leaved willow,4
Salix alba Chermesina,Coral bark willow,6
Salix alba Chermesina,Scarlet willow,5
Salix arbuscula,Little tree willow,5
Salix aurita,Eared sallow,4
Salix aurita,Round-ear willow,4
Salix babylonica,Weeping willow,4
Salix caprea,Goat willow,4
Salix caprea,Great sallow,4
Salix caprea,Common sallow,4
Salix caprea,Pussy willow,4
Salix cinerea,Grey sallow,4
Salix daphnoides,Daphne willow,4
Salix daphnoides,Mezereon willow,4
Salix daphnoides,Violet willow,4
Salix elaeagnos,Hoary willow,4
Salix elaeagnos,Lavender willow,4
Salix elaeagnos,Elaeagnus willow,4
Salix glabra,Alpine willow,4
Salix glabra,Glabrous willow,4
Salix hastata,Apple-leaved willow,4
Salix hastata,Halberd- leaved willow,5
Salix herbacea,Dwarf willow,4
Salix herbacea,Least willow,4
Salix matsudana,Peking willow,4
Salix matsudana Tortuosa,Dragons claw willow,6
Salix myrtilloides,Bog willow,4
Salix myrtilloides,Myrtle-leaved willow,4
Salix nigricans,Dark-leaved willow,4
Salix nigricans,Blueberry willow,4
Salix pentandra,Bay willow,4
Salix pentandra,Laurel willow,4
Salix pentandra,Bay-leaved willow,4
Salix purpurea,Purple willow,4
Salix purpurea,Purple osier,4
Salix purpurea,Red willow,4
Salix repens,Creeping willow,4
Salix repens,Common dwarf willow,5
Salix triandra,Almond-leaved willow,4
Salix triandra,French willow,4
Salix viminalis,Basket willow,4
Salix viminalis,Basket osier,4
Salix viminalis,Common osier,4
Salvia,Sage,2
Sambucus,Elder,2
Sambucus canadensis,American elderberry,4
Sambucus canadensis,American alder,4
Sambucus ebulus,Danes elder,4
Sambucus ebulus,Mediterranean herb elder,5
Sambucus nigra,European elder,4
Sambucus nigra,Common elder,4
Sambucus racemosa,Alpine elder,4
Sambucus racemosa,Red-berried elder,4
Sambucus racemosa,Grape elder,4
Sambucus racemosa,European red elder,5
Sapium,Tallow tree,3
Sassafras,Sassafras,2
Sassafras albidum,Common sassafras,4
Sassafras tzumu,Chinese sassafras,4
Schinus molle,Californian pepper tree,5
Schinus molle,Mastic tree,4
Schinus molle,Pepper tree,4
Senecio,Groundsel,2
Senecio,Ragwort,2
Sophora japonica,Pagoda tree,4
Sophora japonica,Japanese pagoda tree,5
Sophora japonica Pendula,Japanese weeping pagoda tree,7
Sophora tetraptera,Kowhai,3
Sophora tetraptera,New zealand sophora,5
Sorbaria,False spirea,3
Sorbus alnifolia,Atsuki pear,4
Sorbus alnifolia,Hornbeam ash,4
Sorbus alnifolia,Dense head mountain ash,6
Sorbus americana,American mountain ash,5
Sorbus aria,Whitebeam,3
Sorbus aria,Cess apple,4
Sorbus aucuparia,Rowan,3
Sorbus aucuparia,Mountain ash,4
Sorbus aucuparia,European mountain ash,5
Sorbus aucuparia,Quickbeam,3
Sorbus cashmiriana,Kashmir rowan,4
Sorbus commixta,Japanese rowan,4
Sorbus domestica,Service tree mountain ash,6
Sorbus domestica,True service tree,5
Sorbus domestica,Service tree,4
Sorbus folgneri,Folgners whitebeam,4
Sorbus hupehensis,Hupeh rowan,4
Sorbus hybrida,Finnish whitebeam,4
Sorbus hybrida,Oak-leaved mountain ash,5
Sorbus intermedia,Swedish mountain ash,5
Sorbus intermedia,Swedish whitebeam,4
Sorbus latifolia,Fontainebleau service tree,5
Sorbus sargentiana,Sargents rowan,4
Sorbus thuringiaca,Thuringe hybrid ash,5
Sorbus thuringiaca,Bastard service tree,5
Sorbus torminalis,Beam tree,4
Sorbus torminalis,Wild service tree,5
Sorbus torminalis,Chequer tree,4
Sorbus vilmorinii,Vilmorins rowan,4
Spartium,Spanishs broom,3
Spartium junceum,Spanish broom,4
Spartium junceum,Weawers broom,4
Spartium junceum,Yellow spanish broom,5
Spiraea,Spirea,2
Spiraea chamaedryfolia,Germander spirea,4
Spiraea douglasii,Douglas spirea,4
Staphylea,Bladdernut,2
Staphylea pinnata,St antonys nut,5
Staphylea pinnata,European bladdernut,4
Staphylea pinnata,Shrubberies,3
Stewartia,Stewartia,2
Stewartia pseudocamellia,Japanese stewartia,4
Stewartia pseudocamellia,Deciduous stewartia,4
Styrax,Storax,2
Styrax japonicus,Snowbell tree,4
Styrax obassia,Big leaf storax,5
Styrax officinalis,Officinal storax,4
Sutherlandia,Sutherlandia,2
Symphoricarpus,Snowberry,2
Symphoricarpus orbiculatus,Indian currant,4
Symphoricarpus orbiculatus,Coralberry,3
Syringa,Lilac,2
Syringa chinensis,Rouen lilac,4
Syringa chinensis,Chinese lilac,4
Syringa josikaea,Hungarian lilac,4
Syringa persica,Persian lilac,4
Syringa vulgaris,Common lilac,4
Syringa vulgaris,Syringa,3
Ulex,Furze,2
Ulex europaus,Gorse,3
Ulex europaus,Double furze,4
Ulex gallii,Western gorse,4
Ulex gallii,Welsh gorse,4
Ulex minor,Dwarf gorse,4
Ulex minor,Dwarf furze,4
Ulmus,Elm,2
Ulmus glabra Camperdownii,Camperdown elm,5
Ulmus hollandica,Dutch elm,4
Ulmus minor,Common elm,4
Ulmus minor,Field elm,4
Ulmus minor,Smooth-leaved elm,4
Ulmus parvifolia,Chinese elm,4
Umbellularia,Umbellularia,2
Umbellularia californica,Californian laurel,4
Umbellularia californica,Oregon myrtle,4
Umbellularia californica,Headache tree,4
Umbellularia californica,California bay,4
Vaccinium,Billberry,2
Vaccinium,Blueberry,2
Vaccinium corymbosum,Highbushblueberry,3
Vaccinium corymbosum,Swamp blueberry,4
Vaccinium oxycoccus,Moosberry,3
Vaccinium oxycoccus,Small cranberry,4
Vaccinium oxycoccus,Fan berry,4
Vaccinium oxycoccus,Cranberry,3
Vaccinium uliginosum,Red whortleberry,4
Vaccinium uliginosum,Bog whortleberry,4
Vaccinium uliginosum,Bog bilberry,4
Vaccinium vitis-idaea,Red bilberry,4
Vaccinium vitis-idaea,Cow berry,4
Vaccinium vitis-idaea,Mountain cranberry,4
Viburnum,Snowball,2
Viburnum carlesii,Korean spice viburnum,5
Viburnum lantana,Mealy guleder rose,5
Viburnum lantana,Wayfaring tree,4
Viburnum lentago,Sheep-berry,3
Viburnum lentago,Nannyberry,3
Viburnum opulus,Water elder,4
Viburnum opulus,European cranberry bush,5
Viburnum opulus,Guelder rose,4
Viburnum plicatum,Japanese snowball,4
Viburnum tinus,Laurustinus,3
Viburnum tinus,Laurestinus viburnum,4
Viburnum tinus,Laurustine,3
Viola,Violet,2
Vitex,Chaste tree,3
Vitex agnus-castus,Hemp tree,4
Vitex agnus-castus,Monks pepper,4
Weigela,Weigela,2
Xanthoceras,Yellow-horn,2
Xanthoceras sorbifolium,Shiny-leaved yellow-horn,4
Xanthoceras sorbifolium,Sinleaf yellow-horn,4
Zanthoxylum,Prickly ash,3
Zanthoxylum piperitum,Japanese pepper,4
Zelkova,Zelkova,2
Zelkova carpinifolia,Caucasina elm,4
Zelkova carpinifolia,Elm zelkova,4
Zelkova serrata,Japanese zelkova,4
Zelkova serrata,Keaki,3
Ziziphus jujuba,Jujube,3
